{
  "mean_tracking_error": 35.46743468276156,
  "max_tracking_error": 35.46743468276156,
  "pseudo_fid": 25.93913459777832,
  "num_steps": 334
}