{
  "mean_tracking_error": 51.77525460091777,
  "max_tracking_error": 51.77525460091777,
  "pseudo_fid": 9.239398002624512,
  "num_steps": 136
}