{
  "mean_tracking_error": 33.63786994616179,
  "max_tracking_error": 33.63786994616179,
  "pseudo_fid": 7.688329696655273,
  "num_steps": 75
}