{
  "mean_tracking_error": 38.07886552931954,
  "max_tracking_error": 38.07886552931954,
  "pseudo_fid": 5.709018707275391,
  "num_steps": 73
}