{
  "mean_tracking_error": 57.8013840664737,
  "max_tracking_error": 57.8013840664737,
  "pseudo_fid": 9.53758716583252,
  "num_steps": 94
}