{
  "mean_tracking_error": 51.26960718204723,
  "max_tracking_error": 51.26960718204723,
  "pseudo_fid": 10.639080047607422,
  "num_steps": 317
}