{
  "mean_tracking_error": 31.588430487183544,
  "max_tracking_error": 31.588430487183544,
  "pseudo_fid": 12.804886817932129,
  "num_steps": 153
}