{
  "mean_tracking_error": 29.427877939124322,
  "max_tracking_error": 29.427877939124322,
  "pseudo_fid": 6.972005844116211,
  "num_steps": 89
}