{
  "mean_tracking_error": 65.99034188718838,
  "max_tracking_error": 65.99034188718838,
  "pseudo_fid": 11.149951934814453,
  "num_steps": 265
}