{
  "mean_tracking_error": 49.565189416433384,
  "max_tracking_error": 49.565189416433384,
  "pseudo_fid": 9.305953025817871,
  "num_steps": 263
}