{
  "mean_tracking_error": 44.607007290204876,
  "max_tracking_error": 44.607007290204876,
  "pseudo_fid": 8.023195266723633,
  "num_steps": 188
}