{
  "mean_tracking_error": 35.510561809129406,
  "max_tracking_error": 35.510561809129406,
  "pseudo_fid": 7.683119773864746,
  "num_steps": 85
}