{
  "mean_tracking_error": 51.86919738237617,
  "max_tracking_error": 51.86919738237617,
  "pseudo_fid": 9.768882751464844,
  "num_steps": 313
}