{
  "mean_tracking_error": 39.91220213944084,
  "max_tracking_error": 39.91220213944084,
  "pseudo_fid": 11.72968864440918,
  "num_steps": 266
}