{
  "mean_tracking_error": 69.92103105126772,
  "max_tracking_error": 69.92103105126772,
  "pseudo_fid": 28.36014175415039,
  "num_steps": 1213
}