{
  "mean_tracking_error": 45.64607103928701,
  "max_tracking_error": 45.64607103928701,
  "pseudo_fid": 11.93916130065918,
  "num_steps": 114
}