{
  "mean_tracking_error": 53.65561394574795,
  "max_tracking_error": 53.65561394574795,
  "pseudo_fid": 10.417414665222168,
  "num_steps": 415
}