{
  "mean_tracking_error": 65.45518379055596,
  "max_tracking_error": 65.45518379055596,
  "pseudo_fid": 11.207695007324219,
  "num_steps": 1060
}