{
  "mean_tracking_error": 39.04787812597437,
  "max_tracking_error": 39.04787812597437,
  "pseudo_fid": 13.925771713256836,
  "num_steps": 258
}