{
  "mean_tracking_error": 66.0484479975218,
  "max_tracking_error": 66.0484479975218,
  "pseudo_fid": 9.445710182189941,
  "num_steps": 121
}