{
  "mean_tracking_error": 75.67298583407198,
  "max_tracking_error": 75.67298583407198,
  "pseudo_fid": 10.896316528320312,
  "num_steps": 96
}