{
  "mean_tracking_error": 30.65874213587576,
  "max_tracking_error": 30.65874213587576,
  "pseudo_fid": 12.336161613464355,
  "num_steps": 152
}