{
  "mean_tracking_error": 72.68178682468657,
  "max_tracking_error": 72.68178682468657,
  "pseudo_fid": 14.932426452636719,
  "num_steps": 327
}