{
  "mean_tracking_error": 45.880278987817846,
  "max_tracking_error": 45.880278987817846,
  "pseudo_fid": 9.21897029876709,
  "num_steps": 183
}