{
  "mean_tracking_error": 55.7540341919291,
  "max_tracking_error": 55.7540341919291,
  "pseudo_fid": 13.845389366149902,
  "num_steps": 515
}