{
  "mean_tracking_error": 21.808884491573963,
  "max_tracking_error": 21.808884491573963,
  "pseudo_fid": 12.703615188598633,
  "num_steps": 195
}