{
  "mean_tracking_error": 36.84201088676709,
  "max_tracking_error": 36.84201088676709,
  "pseudo_fid": 7.620306968688965,
  "num_steps": 223
}