{
  "mean_tracking_error": 42.505816267983825,
  "max_tracking_error": 42.505816267983825,
  "pseudo_fid": 9.352524757385254,
  "num_steps": 287
}