{
  "mean_tracking_error": 64.41273166075166,
  "max_tracking_error": 64.41273166075166,
  "pseudo_fid": 8.78210735321045,
  "num_steps": 108
}