{
  "mean_tracking_error": 31.66938648595496,
  "max_tracking_error": 31.66938648595496,
  "pseudo_fid": 8.74911880493164,
  "num_steps": 194
}