{
  "mean_tracking_error": 11.51967697689815,
  "max_tracking_error": 11.51967697689815,
  "pseudo_fid": 7.3519134521484375,
  "num_steps": 70
}