{
  "mean_tracking_error": 36.780866397843404,
  "max_tracking_error": 36.780866397843404,
  "pseudo_fid": 6.426736831665039,
  "num_steps": 363
}