{
  "mean_tracking_error": 36.796738985948195,
  "max_tracking_error": 36.796738985948195,
  "pseudo_fid": 8.466143608093262,
  "num_steps": 81
}