{
  "mean_tracking_error": 43.829214001622255,
  "max_tracking_error": 43.829214001622255,
  "pseudo_fid": 10.785516738891602,
  "num_steps": 139
}