{
  "mean_tracking_error": 62.433965115151864,
  "max_tracking_error": 62.433965115151864,
  "pseudo_fid": 14.428394317626953,
  "num_steps": 107
}