{
  "mean_tracking_error": 51.91611059373776,
  "max_tracking_error": 51.91611059373776,
  "pseudo_fid": 12.07889175415039,
  "num_steps": 381
}