{
  "mean_tracking_error": 44.23072569937218,
  "max_tracking_error": 44.23072569937218,
  "pseudo_fid": 9.881603240966797,
  "num_steps": 357
}