{
  "mean_tracking_error": 41.85619548301308,
  "max_tracking_error": 41.85619548301308,
  "pseudo_fid": 11.715910911560059,
  "num_steps": 679
}