{
  "mean_tracking_error": 47.265209192385896,
  "max_tracking_error": 47.265209192385896,
  "pseudo_fid": 19.140958786010742,
  "num_steps": 268
}