{
  "mean_tracking_error": 54.57105459856901,
  "max_tracking_error": 54.57105459856901,
  "pseudo_fid": 8.911249160766602,
  "num_steps": 130
}