{
  "mean_tracking_error": 40.24922359499622,
  "max_tracking_error": 40.24922359499622,
  "pseudo_fid": 6.610772132873535,
  "num_steps": 108
}