{
  "mean_tracking_error": 77.63388651644519,
  "max_tracking_error": 77.63388651644519,
  "pseudo_fid": 13.996099472045898,
  "num_steps": 167
}