{
  "mean_tracking_error": 42.190046219457976,
  "max_tracking_error": 42.190046219457976,
  "pseudo_fid": 17.199684143066406,
  "num_steps": 393
}