{
  "mean_tracking_error": 40.01249804748511,
  "max_tracking_error": 40.01249804748511,
  "pseudo_fid": 14.239575386047363,
  "num_steps": 645
}