{
  "mean_tracking_error": 42.702738015672054,
  "max_tracking_error": 42.702738015672054,
  "pseudo_fid": 10.40500259399414,
  "num_steps": 276
}