{
  "mean_tracking_error": 64.53681120105021,
  "max_tracking_error": 64.53681120105021,
  "pseudo_fid": 27.34551239013672,
  "num_steps": 1249
}